몽탄,서울특별시 용산구 한강로1가 251-1,한식/육류,우대갈비/ 짚불삼겹살,4.6,10000+,32000원대,매일 12:00 ~ 22:00
금돼지식당,서울특별시 중구 신당동 370-2,한식/육류,본삼겹/ 등목살/ 김치찌개,4.5,8000+,18000원 ~ 19000원,매일 11:30 ~ 23:00
다운타우너 안국,서울특별시 종로구 재동 85-3,양식/버거,아보카도 버거/ 베이컨치즈,4.5,9000+,8000원 ~ 12000원,매일 11:00 ~ 21:00
깡통만두,서울특별시 종로구 재동 84-22,한식/만두,칼만두/ 비빔국수/ 만두전골,4.4,2500+,10000원 ~ 28000원,평일 11:30-21:00/ 토 11:30-20:00 (일요일 휴무)
우래옥,서울특별시 중구 주교동 118-1,한식/냉면,평양냉면/ 불고기,4.4,4000+,16000원 ~ 37000원,11:30 ~ 21:00 (월요일 휴무)
미엔아이,서울특별시 마포구 연남동 227-21,아시안/중식,마약곱창국수/ 꿔바로우,4.5,3000+,10000원 ~ 20000원,매일 11:30 ~ 22:00
진미 평양냉면,서울특별시 강남구 논현동 66-2,한식/냉면,평양냉면/ 제육/ 편육,4.4,2000+,14000원 ~ 32000원,매일 11:00 ~ 21:30
페리지,서울특별시 서초구 서초동 1515-5,양식/파인다이닝,런치/디너 코스,4.8,300+,80000원 ~ 180000원,월-토 10:30 ~ 18:00 (일요일 휴무)
툭툭누들타이,서울특별시 마포구 연남동 223-15,아시안/태국,똠얌꿍/ 뿌님팟퐁커리,4.3,4000+,15000원 ~ 30000원,매일 11:30 ~ 21:00 (수요일 휴무)
정돈,서울특별시 종로구 명륜4가 107-1,일식/돈카츠,등심/안심 돈카츠/ 카레,4.4,5000+,14000원 ~ 18000원,매일 11:30 ~ 21:30
소문난성수감자탕,서울특별시 성동구 성수동2가 315-100,한식/탕류,감자탕,4.2,8000+,30000원 ~ 45000원,24시간 영업
밍글스,서울특별시 강남구 청담동 94-6,퓨전/파인다이닝,런치/디너 코스,4.6,1000+,170000원 ~ 320000원,화-토 12:00-15:00/ 18:00-22:00 (일/ 월 휴무)
목멱산방,서울특별시 중구 예장동 산 5-6,한식/비빔밥,산방비빔밥/ 불고기비빔밥,4.2,4000+,10000원 ~ 13000원,매일 11:00 ~ 20:00
대막,서울특별시 강남구 신사동 663-9,일식/마키,후토마키/ 아부리소바마키,4.5,1000+,16000원 ~ 25000원,매일 11:00 ~ 21:00
어글리베이커리,서울특별시 마포구 망원동 400-8,베이커리,크림빵/ 맘모스빵,4.5,3000+,3000원 ~ 7000원,매일 12:00 ~ 21:00
오레노라멘,서울특별시 마포구 합정동 391-5,일식/라멘,토리파이탄/ 카라파이탄,4.4,3000+,10000원 ~ 11000원,매일 11:00 ~ 20:30
하동관,서울특별시 중구 명동1가 10-4,한식/탕류,곰탕,4.1,4500+,15000원 ~ 18000원,매일 07:00 ~ 16:00 (일요일 휴무)
카츠바이콘반,서울특별시 강남구 신사동 647-22,일식/돈카츠,로스카츠/ 히레카츠,4.6,1500+,16000원 ~ 28000원,매일 11:00 ~ 21:00
바토스,서울특별시 용산구 이태원동 181-8,멕시칸,김치 까르니따 프라이즈,4.3,3000+,13000원 ~ 25000원,매일 11:30 ~ 22:00
온달집,서울특별시 강남구 논현동 164-5,한식/닭요리,닭다리살/ 꼼장어,4.6,3000+,12000원대,매일 12:00 ~ 22:00
필동면옥,서울특별시 중구 필동3가 1-5,한식/냉면,평양냉면/ 제육,4.2,1500+,14000원 ~ 30000원,매일 11:00 ~ 20:00 (일요일 휴무)
효도치킨,서울특별시 종로구 통인동 147-1,한식/치킨,꽈리멸치킨/ 고마워치킨,4.5,1000+,20000원대,매일 11:30 ~ 23:00
모터시티,서울특별시 용산구 이태원동 56-23,양식/피자,잭슨5 피자,4.5,2000+,25000원대,정보 없음
연돈볼카츠,서울특별시 강남구 역삼동 812-5,한식/간식,연돈볼카츠/ 치즈볼카츠,4.2,2000+,3000원 ~ 4000원,매일 11:00 ~ 22:30
토속촌삼계탕,서울특별시 종로구 체부동 85-1,한식/삼계탕,삼계탕,4.1,8000+,19000원 ~ 25000원,매일 10:00 ~ 22:00
코끼리베이글,서울특별시 영등포구 당산동5가 11-37,베이커리,플레인베이글/ 버터솔트,4.5,4000+,2500원 ~ 5000원,매일 08:30 ~ 20:00
성심당,서울특별시 송파구 신천동 29,베이커리,튀김소보로/ 부추빵,4.6,10000+,1500원 ~ 2000원,매일 08:00 ~ 22:00
꿉당,서울특별시 강남구 신사동 637-12,한식/육류,목살/ KOKUMI 쌀밥,4.6,3000+,17000원대,평일 15:00-22:50/ 주말 12:00-22:50
리틀넥,서울특별시 강남구 신사동 653-7,양식/브런치,하우스 스테이크/ 명란크림파스타,4.4,2000+,16000원 ~ 31000원,매일 11:00 ~ 21:00
미라이,서울특별시 마포구 서교동 396-14,일식/이자카야,고등어볶음밥/ 사시미,4.6,500+,18000원 ~ 40000원,매일 17:00 ~ 23:00 (일요일 휴무)
광장시장,서울특별시 종로구 예지동 293-1,한식/시장음식,빈대떡/ 마약김밥,4.2,20000+,3000원 ~ 6000원,먹자골목: 매일 09:00 ~ 23:00
스시요인,서울특별시 마포구 합정동 393-10,일식/초밥,오마카세,4.8,500+,45000원 ~ 80000원,매일 11:00 ~ 21:00
봉피양,서울특별시 송파구 방이동 205-8,한식/냉면,평양냉면/ 돼지갈비,4.2,2000+,16000원 ~ 50000원,매일 11:30 ~ 22:00
영동족발,서울특별시 서초구 양재동 1-8,한식/족발,족발,4.3,2500+,40000원 ~ 50000원,평일 12:00-23:00/ 주말 11:30-22:00
자하손만두,서울특별시 종로구 부암동 245-2,한식/만두,만두국/ 만두전골,4.3,1000+,16000원 ~ 50000원,화-일 11:00 ~ 21:00 (월요일 휴무)
팩피,서울특별시 성동구 성수동1가 668-35,양식/파스타,들기름명란파스타,4.5,1000+,18000원 ~ 25000원,수-일 11:00 ~ 21:00 (월/ 화 휴무)
남영돈,서울특별시 용산구 남영동 52-2,한식/육류,항정살/ 가브리살,4.6,2000+,17000원 ~ 18000원,평일 16:00-22:00/ 주말 12:00-21:00
멘텐,서울특별시 서대문구 창천동 510-3,일식/라멘,탄탄멘/ 쇼유라멘,4.5,500+,9000원 ~ 10000원,매일 11:40 ~ 20:00
능라도,서울특별시 강남구 역삼동 769-12,한식/냉면,평양냉면/ 어복쟁반,4.3,2000+,15000원 ~ 70000원,정보 없음
브루클린더버거조인트,서울특별시 강남구 신사동 540-11,양식/버거,브루클린 웍스/ 치즈스커트,4.4,4000+,10000원 ~ 14000원,매일 11:30 ~ 22:00
만족오향족발,서울특별시 중구 서소문동 102,한식/족발,족발,4.4,6000+,38000원 ~ 55000원,평일 11:30-22:00/ 주말 12:00-22:00
삼각지 몽탄,서울특별시 용산구 한강로1가 251-1,한식/육류,우대갈비,4.6,10000+,32000원대,매일 12:00 ~ 22:00
마포 진짜 원조 최대포,서울특별시 마포구 공덕동 255-5,한식/육류,돼지갈비/ 껍데기,4.2,2000+,10000원 ~ 15000원,매일 11:00 ~ 23:00
이치젠,서울특별시 마포구 망원동 415-26,일식/텐동,스페셜텐동/ 바질토마토,4.4,1500+,10000원 ~ 16000원,매일 12:00 ~ 20:30
노포,서울특별시 중구 입정동 177,한식/노포,-,4.3,100+,정보 없음,21:30 마감
무교동북어국집,서울특별시 중구 다동 173,한식/탕류,북어해장국,4.3,3000+,9000원대,평일 07:00-20:00/ 주말 07:00-15:00
진주회관,서울특별시 중구 서소문동 120-35,한식/면요리,콩국수,4.2,2500+,15000원대,평일 11:00-21:00/ 토 11:00-20:00 (일요일 휴무)
갓덴스시,서울특별시 송파구 신천동 7-18,일식/초밥,회전초밥,4.3,5000+,1500원 ~ 8000원 (접시당),매일 11:00 ~ 21:30
땀땀,서울특별시 강남구 역삼동 817-31,아시안/베트남,곱창쌀국수/ 분짜,4.4,4000+,15000원 ~ 18000원,매일 11:00 ~ 22:00
버터밀크,서울특별시 종로구 창성동 130-4,양식/브런치,리코타치즈 팬케이크,4.5,1000+,10000원 ~ 15000원,매일 11:00 ~ 22:30
소신이쏘,서울특별시 서대문구 창천동 52-51,한식/찜요리,크림소갈비찜,4.6,3000+,15000원대 (1인),매일 12:00 ~ 22:30
뱃장,서울특별시 마포구 망원동 394-82,한식/육류,한우 오마카세,4.9,300+,60000원 ~ 80000원,17:00 - 24:00
부촌육회,서울특별시 종로구 종로4가 165-3,한식/육회,육회/ 육회비빔밥,4.3,5000+,9000원 ~ 19000원,매일 10:00 ~ 21:00
렁팡스,서울특별시 용산구 후암동 358-15,양식/프렌치,어니언스프/ 스테이크,4.6,500+,15000원 ~ 40000원,화-일 12:00-23:00 (월요일 휴무)
계림,서울특별시 종로구 종로3가 167,한식/닭요리,마늘닭도리탕,4.2,3000+,28000원 ~ 55000원,11:00 ~ 20:30 (월요일 휴무)
보니스피자펍,서울특별시 용산구 해방촌 46-2,양식/피자,페퍼로니/ 하와이안,4.4,3000+,20000원 ~ 30000원,화-금 12:30-22:00/ 주말 11:30-22:00
맘스키친,서울특별시 강남구 대치동 988-16,한식/백반,집밥,4.7,50+,9000원대,매일 11:30 ~ 20:00 (월요일 휴무)
합정옥,서울특별시 마포구 합정동 392-2,한식/탕류,곰탕/ 수육,4.3,1000+,12000원 ~ 40000원,매일 11:00 ~ 22:00 (일요일 휴무)
나폴레옹과자점,서울특별시 성북구 성북동1가 35-5,베이커리,사라다빵,4.3,4000+,5000원대,매일 09:00 ~ 21:00
을밀대,서울특별시 마포구 염리동 147-6,한식/냉면,평양냉면,4,4000+,13000원대,매일 11:00 ~ 22:00
란주칼면,서울특별시 중구 소공동 1-5,중식,도삭면/ 꿔바로우,4.3,3000+,10000원 ~ 25000원,매일 11:00 ~ 21:30
진옥화할매원조닭한마리,서울특별시 종로구 종로5가 265-22,한식/닭요리,닭한마리,4.1,5000+,28000원대,매일 10:30 ~ 01:00
부자피자,서울특별시 용산구 한남동 743-33,양식/피자,부자 클라시카 피자,4.2,3000+,20000원 ~ 25000원,매일 11:30 ~ 22:00
스시코우지,서울특별시 강남구 청담동 91-6,일식/초밥,오마카세,4.7,500+,140000원 ~ 250000원,매일 10:00 ~ 22:00
양인환대,서울특별시 용산구 한강로3가 40-360,한식/양고기,양갈비/ 양등심,4.8,1000+,29000원대,매일 13:00 ~ 22:00 (일요일 휴무)
떡의정석,서울특별시 강남구 역삼동 831-31,한식/분식,떡볶이,4.6,100+,5000원대,매일 12:00 ~ 23:00
쮸즈,서울특별시 강남구 신사동 548-3,중식/딤섬,소룡포/ 완탕면,4.3,2000+,5000원 ~ 10000원,매일 11:30 ~ 21:00
오복수산,서울특별시 마포구 연남동 228-27,일식/덮밥,카이센동,4.4,3000+,18000원 ~ 35000원,매일 11:00 ~ 21:30
오스테리아 오르조,서울특별시 용산구 한남동 683-1,양식/이탈리안,화이트라구 파스타,4.5,500+,28000원 ~ 35000원,매일 12:00 ~ 22:00
태극당,서울특별시 중구 장충동2가 189-5,베이커리,모나카 아이스크림,4.2,6000+,3000원대,매일 08:00 ~ 21:00
테이스팅룸,서울특별시 강남구 신사동 651-24,양식/퓨전,쭈꾸미파스타/ 시금치피자,4.2,1500+,25000원 ~ 30000원,매일 10:30 ~ 22:00
고기리막국수,서울특별시 용산구 한남동 46-4,한식/면요리,들기름막국수,4.6,7000+,9000원대,10:40 ~ 21:00 (화요일 휴무)
빵의정석,서울특별시 성동구 성수동1가 668-53,베이커리,빨미까레,4.5,1000+,3000원 ~ 4000원,매일 11:30 ~ 19:00 (월/ 화 휴무)
바다회사랑,서울특별시 마포구 연남동 566-8,일식/회,방어회 (계절),4.3,4000+,60000원 ~ 95000원,매일 14:00 ~ 24:00
진주집,서울특별시 영등포구 여의도동 36-2,한식/면요리,닭칼국수/ 콩국수,4.2,3000+,13000원 ~ 15000원,평일 10:00-20:00/ 토 10:00-19:00 (일요일 휴무)
삼청동수제비,서울특별시 종로구 삼청동 102,한식/수제비,수제비/ 감자전,4.1,4000+,9000원 ~ 15000원,매일 11:00 ~ 20:00
스시선수,서울특별시 강남구 신사동 651-16,일식/초밥,오마카세,4.5,200+,120000원 ~ 220000원,매일 12:00 ~ 20:00
미도인,서울특별시 종로구 익선동 166-48,일식/가정식,가정식 스테이크,4.5,3000+,13000원 ~ 15000원,매일 11:30 ~ 21:00
아우어베이커리,서울특별시 강남구 신사동 648-15,베이커리,더티초코/ 빨미까레,4.3,3000+,4000원 ~ 5000원,매일 09:00 ~ 17:00
옥동식,서울특별시 마포구 서교동 385-6,한식/탕류,돼지곰탕,4.4,1500+,14000원대,매일 11:00-22:00
왕bijib,서울특별시 종로구 관훈동 29-1,한식,돼지갈비찜,4.3,200+,15000원대,정보 없음
정육면체,서울특별시 성동구 성수동2가 289-223,중식/면요리,깨부수면/ 홍탄,4.6,1000+,9000원 ~ 10000원,매일 11:30 ~ 21:00
청담돈,서울특별시 강남구 청담동 123-41,한식/육류,숙성 돼지고기,4.7,100+,18000원대,매일 10:00 ~ 22:00
쿠촐로,서울특별시 용산구 한남동 683-139,양식/이탈리안,트러플 타야린 파스타,4.4,500+,35000원대,매일 11:30 ~ 22:00
피자익스프레스,서울특별시 강남구 역삼동 812-3,양식/피자,조각피자,4.5,1000+,6000원대,매일 11:30 ~ 22:30
황소고집,서울특별시 종로구 관철동 11-3,한식/육류,고추장불고기 백반,4.2,2000+,7000원대,매일 12:00 ~ 22:00
훌리오,서울특별시 종로구 종로2가 3,멕시칸,타코/ 엔칠라다,4.3,1500+,10000원 ~ 20000원,정보 없음
희수킹,서울특별시 마포구 망원동 394-80,퓨전/분식,크림떡볶이,4.7,200+,10000원대,정보 없음
히메시야,서울특별시 마포구 서교동 332-15,일식/덮밥,사케동/ 아나고동,4.4,1000+,10000원 ~ 15000원,매일 11:40 ~ 21:30
띤띤,서울특별시 종로구 익선동 166-43,아시안/베트남,분짜/ 쌀국수,4.3,2000+,12000원 ~ 15000원,매일 11:00 ~ 22:00
라세느,서울특별시 중구 소공동 1,뷔페,랍스터/ 양갈비,4.6,3000+,150000원 ~ 180000원,정보 없음
로우앤슬로우,서울특별시 용산구 한강로3가 40-7,양식/바베큐,브리스킷/ 풀드포크,4.5,1000+,25000원대 (플래터),평일 16:30-21:50/ 주말 12:00-21:50 (화요일 휴무)
르사이트,서울특별시 용산구 한남동 26-6,양식/브런치,프렌치토스트,4.6,200+,20000원대,24시간 영업
마포등심,서울특별시 마포구 용강동 494-6,한식/육류,등심/ 차돌박이,4.4,500+,20000원 ~ 40000원,매일 10:00 ~ 22:00
명동교자,서울특별시 중구 명동2가 25-2,한식/면요리,칼국수/ 만두,4.3,15000+,10000원 ~ 12000원,11:00-15:00
미갈매기살,서울특별시 성동구 마장동 767-1,한식/육류,갈매기살,4.5,500+,17000원대,매일 15:00 ~ 22:30
미분당,서울특별시 서대문구 창천동 52-64,아시안/베트남,쌀국수,4.5,65+,9000원 ~ 12000원,매일 11:00 ~ 21:00
바위파스타바,서울특별시 중구 신당동 138-12,양식/파스타,생면 파스타,4.8,200+,25000원 ~ 35000원,런치/디너 예약제
배러댄비프,서울특별시 강남구 신사동 514-9,퓨전/한식,오감만족 삼겹살,4.4,1000+,25000원대,평일 11:30-23:00/ 주말 12:00-23:00
벽제갈비,서울특별시 송파구 방이동 205-12,한식/육류,설화생갈비,4.3,1000+,80000원 ~ 150000원,매일 11:30 ~ 22:00
변두리비스트로,서울특별시 마포구 망원동 399-52,양식/비스트로,스테이크/ 파스타,4.7,200+,20000원 ~ 40000원,17:00 ~ 01:00 (일요일 휴무 가능)
볼트스테이크하우스,서울특별시 강남구 청담동 95-15,양식/스테이크,포터하우스/ 티본,4.6,500+,28000원 (100g),매일 12:00 ~ 23:00
브레라,서울특별시 중구 신당동 366-444,양식/이탈리안,트러플 파스타/ 라자냐,4.5,1000+,20000원 ~ 30000원,매일 11:00 ~ 23:00
사위식당,서울특별시 송파구 송파동 52-6,한식/퓨전,낙곱새,4.4,1000+,12000원대 (1인),매일 11:00 ~ 22:00
사이드쇼,서울특별시 강남구 신사동 517-33,한식/분식,차돌박이 즉석떡볶이,4.5,500+,25000원 ~ 35000원,매일 10:30 ~ 22:00
삼원가든,서울특별시 강남구 신사동 623-5,한식/육류,양념갈비,4.2,1500+,50000원 ~ 60000원,평일 11:30-21:30/ 주말 11:00-21:00
새벽집,서울특별시 강남구 청담동 129-10,한식/육류,꽃등심/ 육회비빔밥,4.1,3000+,13000원 ~ 50000원,24시간 영업
샤오짠,서울특별시 강남구 신사동 561-5,중식/대만,탄탄면/ 루로우판,4.3,500+,8000원 ~ 10000원,정보 없음
서산꽃게,서울특별시 마포구 공덕동 256-13,한식/해산물,간장게장,4.4,200+,40000원대,매일 11:00 ~ 21:00
세광양대창,서울특별시 강남구 역삼동 816-4,한식/구이,대창/ 막창/ 특양,4.5,2000+,14000원 ~ 19000원,평일 11:30-01:00/ 주말 11:30-23:00
소년서커스,서울특별시 용산구 한남동 683-141,양식/퓨전,서커스 까르보나라,4.3,500+,25000원대,정보 없음
송옥,서울특별시 중구 북창동 72-1,한식/메밀,판모밀/ 비빔모밀,4.3,500+,9000원 ~ 10000원,월-토 11:00-20:00/ 일 11:00-18:00
스시산원,서울특별시 강남구 신사동 624-47,일식/초밥,오마카세,4.8,100+,70000원 ~ 140000원,11:30-21:30 (일/월 휴무)
스시시오,서울특별시 강남구 신사동 630-1,일식/초밥,오마카세,4.9,100+,130000원 ~ 250000원,매일 11:00 - 20:30
스시아라타,서울특별시 강남구 신사동 646-17,일식/초밥,오마카세,4.8,100+,80000원 ~ 160000원,12:00 - 22:00 (일요일 휴무)
신사와쭈꾸미,서울특별시 강남구 신사동 515-11,한식/해산물,쭈꾸미볶음,4.4,200+,15000원대 (1인),매일 17:00 ~ 00:00
싱가,서울특별시 용산구 이태원동 124-7,아시안/싱가포르,시리얼새우,4.4,100+,25000원대,정보 없음
쌍다리돼지불백,서울특별시 성북구 성북동 203-1,한식/백반,돼지불백,4.1,2000+,10000원대,09:00 ~ 21:00 (월요일 휴무)
아그라,서울특별시 종로구 관철동 12-16,아시안/인도,커리/ 탄두리치킨,4.4,2000+,20000원 ~ 25000원,매일 11:00 ~ 22:00
아날로그키친,서울특별시 용산구 한남동 683-140,양식/퓨전,통오징어구이밥,4.3,1000+,15000원 ~ 18000원,매일 11:00 ~ 22:00
아카마루,서울특별시 마포구 서교동 333-14,일식/라멘,돈코츠라멘,4.4,200+,8000원 ~ 9000원,평일 11:00-21:00/ 주말 11:00-22:00 (화/수 휴무)
안동장,서울특별시 중구 을지로3가 315-18,중식,굴짬뽕,4,1000+,15000원대,매일 11:30 ~ 20:00
알부자,서울특별시 강남구 신사동 549-4,한식/탕류,알찜/ 알탕,4.5,1000+,30000원 ~ 50000원,매일 11:30 ~ 22:50
애성회관,서울특별시 중구 북창동 19-3,한식/탕류,한우곰탕,4.4,1000+,10000원대,10:00-21:00 (일요일 휴무)
앵커드,서울특별시 성동구 성수동1가 685-321,양식/브런치,샥슈카,4.5,200+,18000원대,정보 없음
약수순대,서울특별시 중구 신당동 368-76,한식/순대,순대국,4.2,500+,8000원대,매일 10:00 ~ 21:00
어썸로즈,서울특별시 종로구 익선동 166-21,양식/퓨전,로즈 파스타/ 스테이크,4.6,1000+,18000원 ~ 40000원,매일 11:00 ~ 23:00
에그슬럿,서울특별시 강남구 삼성동 159,양식/샌드위치,페어팩스/ 슬럿,4.1,5000+,8000원 ~ 12000원,매일 08:00 ~ 22:00
엘리스리틀이태리,서울특별시 송파구 송파동 48-6,양식/이탈리안,화덕피자/ 파스타,4.5,1000+,20000원 ~ 30000원,매일 11:30 ~ 22:00
연남토마,서울특별시 마포구 연남동 241-99,퓨전,소고기치즈카츠,4.5,2000+,15000원대,매일 11:30 ~ 21:30
연타발,서울특별시 강남구 역삼동 640-10,한식/구이,양/ 대창,4.3,1000+,35000원대,평일 11:30-05:00/ 주말 11:30-22:00
영미식당,서울특별시 성동구 성수동2가 302-3,한식/육류,부대찌개/ 삼겹살,4.4,500+,10000원 ~ 15000원,10:00 ~ 22:00 (일요일 휴무)
영빈루,서울특별시 마포구 서교동 358-1,중식,마약짬뽕/ 탕수육,4.2,1000+,10000원 ~ 20000원,매일 11:00 ~ 22:00
오가와,서울특별시 종로구 당주동 5,일식/초밥,런치스시,4.5,200+,50000원대,점심 12:00 시작/ 저녁 18:00-21:00 (일/월 휴무)
오근내닭갈비,서울특별시 용산구 한강로3가 40-90,한식/닭요리,닭갈비,4.3,3000+,14000원대 (1인),매일 11:30 ~ 22:30
오달,서울특별시 마포구 합정동 372-23,일식/튀김,오마카세,4.9,10+,120000원대,09:30 ~ 20:00 (일요일 휴무)
오두산막국수,서울특별시 마포구 합정동 449-3,한식/면요리,들기름막국수,4.4,1000+,10000원대,매일 11:00 ~ 21:30
오라,서울특별시 서초구 서초동 1582-15,양식/이탈리안,성게알파스타,4.6,200+,30000원대,매일 12:00 ~ 23:00
오륙도,서울특별시 영등포구 여의도동 43-4,한식/육류,등심/ 불고기,4.3,500+,20000원 ~ 40000원,매일 11:00 ~ 22:00
오리지널팬케이크하우스,서울특별시 강남구 신사동 523-20,양식/브런치,팬케이크,4.3,2000+,10000원 ~ 25000원,평일 09:00-21:00/ 주말 08:00-21:00
오마,서울특별시 용산구 한남동 739-17,한식/주점,육전/ 김치전,4.6,100+,20000원 ~ 30000원,정보 없음
오스테리아샘킴,서울특별시 마포구 합정동 391-7,양식/이탈리안,파스타,4.4,500+,25000원 ~ 35000원,11:30-22:00 (일요일 휴무)
오장동함흥냉면,서울특별시 중구 오장동 90-10,한식/냉면,회냉면,4,2000+,14000원대,매일 11:00 ~ 20:00
옥면가,서울특별시 강남구 역삼동 828-52,한식/면요리,들기름면/ 곰탕면,4.5,300+,10000원 ~ 12000원,11:00-21:00 (일요일 휴무)
온유월,서울특별시 마포구 연남동 241-110,한식/주점,꼬막비빔밥,4.4,300+,20000원대,매일 15:00 - 22:50
왕십리정곱창,서울특별시 성동구 행당동 19-57,한식/곱창,야채곱창/ 순대곱창,4.3,500+,12000원대 (1인),매일 16:00 - 22:00
용용선생,서울특별시 강남구 역삼동 813-10,중식/주점,화산마라전골/ 고추바삭유림기,4.6,3000+,18000원 ~ 22000원,매일 17:00 ~ 02:00
용호낙지,서울특별시 강남구 역삼동 820-1,한식/퓨전,낙곱새,4.3,1000+,13000원대 (1인),매일 10:30 ~ 22:00
우미,서울특별시 마포구 서교동 332-25,일식/퓨전,카이센동,4.7,200+,18000원대,런치 12:00-14:30/ 디너 17:00-22:00
우육미엔,서울특별시 강남구 역삼동 812-16,중식/면요리,우육면,4.4,1000+,10000원대,매일 11:00 ~ 21:00
우정,서울특별시 강남구 역삼동 811-13,한식/육류,양념소갈비,4.5,500+,40000원대,매일 12:00 ~ 02:30
운산,서울특별시 중구 장충동2가 202,한식/퓨전,코스요리,4.4,100+,100000원 ~ 200000원,11:30-22:00 (휴무일 확인 필요)
원강,서울특별시 용산구 한강로2가 100,한식/육류,생갈비,4.5,500+,40000원대,매일 11:30 ~ 22:00
원조마포할머니떡볶이,서울특별시 마포구 도화동 345-2,한식/분식,떡볶이,4.2,1000+,3000원대,매일 10:00 ~ 19:00
원조쌈밥집,서울특별시 강남구 논현동 165-15,한식/쌈밥,쌈밥정식/ 대패삼겹살,4.1,2000+,12000원 ~ 15000원,매일 11:30 ~ 00:00
원초밥,서울특별시 강남구 역삼동 827-14,일식/초밥,초밥,4.6,100+,15000원 ~ 25000원,매일 11:30 ~ 22:00
웨이,서울특별시 용산구 한남동 684-15,중식/퓨전,멘보샤/ 탄탄면,4.5,200+,10000원 ~ 25000원,정보 없음
위샐러듀,서울특별시 강남구 역삼동 818-12,양식/샐러드,샐러드/ 샌드위치,4.6,500+,10000원대,정보 없음
유림면,서울특별시 중구 서소문동 16,한식/메밀,냄비국수/ 비빔메밀,4.2,1500+,9000원 ~ 10000원,매일 11:00 ~ 20:00 (일요일 휴무)
유유,서울특별시 마포구 연남동 390-100,한식/주점,감자전,4.5,200+,18000원대,11:00 ~ 21:00 (일요일 휴무)
육전식당,서울특별시 동대문구 신설동 104-3,한식/육류,통목살/ 통삼겹,4.4,5000+,17000원대,매일 11:00 ~ 22:00
은주정,서울특별시 중구 주교동 43,한식/김치찌개,쌈싸먹는 김치찌개,4.3,1500+,12000원대,10:00 ~ 22:00 (일요일 휴무)
을지면옥,서울특별시 중구 입정동 161,한식/냉면,평양냉면,4.1,1000+,13000원대,매일 11:30 ~ 21:00
이도곰탕,서울특별시 강남구 역삼동 671-18,한식/탕류,곰탕/ 수육,4.2,1500+,12000원 ~ 40000원,평일 10:00-22:00/ 주말 10:00-21:00
이문설농탕,서울특별시 종로구 견지동 88,한식/탕류,설농탕,4,2000+,13000원대,매일 08:00 ~ 21:00
이북만두,서울특별시 중구 무교동 27,한식/만두,만두전골/ 김치말이밥,4.3,1000+,13000원 ~ 35000원,매일 09:00 ~ 21:00
이스트덜위치,서울특별시 강남구 신사동 517-10,양식/브런치,잉글리시 브렉퍼스트,4.5,200+,20000원대,24시간 영업
이자카야나무,서울특별시 강남구 역삼동 816-4,일식/이자카야,꼬치/ 사시미,4.4,1000+,10000원 ~ 40000원,매일 15:30 ~ 05:00
이층집,서울특별시 강남구 역삼동 831-6,한식/육류,꽃삼겹/ 통목살,4.6,2000+,16000원대,평일 11:30-22:00/ 주말 13:00-21:30
인량,서울특별시 강남구 역삼동 827-31,한식/육류,양갈비,4.7,100+,30000원대,매일 11:30 ~ 22:00
일일향,서울특별시 강남구 신사동 601-3,중식,어향동고/ 전가복,4.3,1000+,40000원 ~ 60000원,매일 11:30 ~ 21:30
일호식,서울특별시 용산구 한남동 683-127,한식/가정식,소고기덮밥,4.2,500+,15000원 ~ 20000원,매일 11:00 ~ 22:00
잇텐고,서울특별시 마포구 망원동 394-111,일식/라멘,키요마사/ 미도리카메,4.5,1000+,9000원 ~ 10000원,11:30-21:00 (수요일 휴무)
잉글사이드,서울특별시 송파구 송파동 46-5,양식/브런치,잉글리시 브렉퍼스트,4.6,300+,18000원대,정보 없음
자연도,서울특별시 송파구 송파동 52,일식/회,숙성회,4.8,300+,40000원 ~ 60000원,매일 09:00 ~ 22:00
장꼬방,서울특별시 강남구 역삼동 831-29,한식/김치찌개,김치찌개/ 김치찜,4.3,1000+,9000원대,매일 09:00 ~ 22:00
장어,서울특별시 강남구 논현동 105,일식/장어,장어덮밥,4.5,100+,30000원 ~ 50000원,정보 없음
재주,서울특별시 마포구 연남동 228-3,한식/퓨전,흑돼지 김치찜,4.6,200+,15000원대,정보 없음
저스트텐동,서울특별시 마포구 연남동 228-21,일식/텐동,저스트텐동,4.5,1000+,10000원 ~ 18000원,매일 11:30 ~ 20:00
전주중앙회관,서울특별시 중구 충무로1가 24-11,한식/비빔밥,전주비빔밥,4.1,1000+,13000원대,매일 10:30 ~ 20:30
정미,서울특별시 강남구 신사동 657-12,한식/백반,가정식 백반,4.7,100+,10000원대,정보 없음
정성,서울특별시 강남구 역삼동 828-50,한식/육류,숙성 돼지고기,4.6,100+,17000원대,정보 없음
정식당,서울특별시 강남구 청담동 83-24,한식/파인다이닝,코스요리,4.5,1000+,150000원 ~ 250000원,월-토 18:00-02:00/ 일 12:00-15:00
제주김만복,서울특별시 강남구 역삼동 814-6,한식/김밥,만복이네김밥,4.2,2000+,7000원대,매일 09:00 ~ 18:00
조박집,서울특별시 마포구 용강동 40-1,한식/육류,돼지갈비,4.3,1500+,17000원대,본관 11:30-22:00/ 별관/신관 17:00-22:00
조선,서울특별시 강남구 역삼동 824-25,한식/육류,소갈비,4.5,500+,50000원 ~ 70000원,호텔 영업시간과 동일
존쿡델리미트,서울특별시 강남구 신사동 534-21,양식/델리,학센/ 샌드위치,4.4,1000+,15000원 ~ 40000원,매일 11:00 ~ 21:00
중앙해장,서울특별시 강남구 대치동 963,한식/탕류,곱창전골/ 해장국,4.4,4000+,10000원 ~ 60000원,월-토 07:00-22:00/ 일 07:00-21:30
갓포아키,서울특별시 강남구 청담동 95-16,일식/갓포요리,사시미 모리아와세,4.5,500+,80000원 ~ 150000원,매일 18:00 ~ 01:00
개화,서울특별시 중구 명동2가 107,중식,짜장면/ 탕수육,4.1,1500+,7000원 ~ 25000원,매일 11:00 ~ 21:30
경천애인,서울특별시 강남구 역삼동 601-23,한식/육류,한우 등심,4.6,1000+,40000원대 (1인),매일 11:30 ~ 22:00
고메트리,서울특별시 강남구 청담동 22-14,양식/프렌치,런치/디너 코스,4.7,300+,60000원 ~ 150000원,12:00-22:00 (일요일 휴무)
고반식당,서울특별시 강남구 역삼동 811-14,한식/육류,숙성 생삼겹,4.5,2000+,16000원대,매일 17:00 ~ 24:00
곰바위,서울특별시 강남구 삼성동 76-10,한식/구이,양/ 대창,4.3,1000+,35000원 ~ 40000원,매일 11:30 ~ 22:00
교대이층집,서울특별시 서초구 서초동 1573-10,한식/육류,통삼겹/ 꽃삼겹,4.5,3000+,16000원대,매일 11:00 ~ 24:00
구스아일랜드,서울특별시 강남구 역삼동 816,양식/펍,수제맥주/ 버거,4.4,2000+,10000원 ~ 20000원,매일 11:30 ~ 01:00
권숙수,서울특별시 강남구 신사동 646-18,한식/파인다이닝,런치/디너 코스,4.6,500+,150000원 ~ 280000원,12:00-22:00 (일요일 휴무)
그랑씨엘,서울특별시 강남구 신사동 650-17,양식/이탈리안,엔쵸비 파스타,4.3,500+,25000원대,매일 11:30 ~ 23:00
긴자,서울특별시 송파구 방이동 205,일식/코스요리,주말 가족 정식,4.4,1000+,40000원 ~ 100000원,매일 11:30 ~ 22:00
까폼,서울특별시 강남구 신사동 655-15,아시안/태국,쌀국수/ 랭쌥,4.5,2000+,10000원 ~ 25000원,매일 11:30 ~ 22:00
꼼다비뛰드,서울특별시 강남구 논현동 211-18,베이커리,샌드위치/ 크루아상,4.6,500+,5000원 ~ 10000원,11:00-19:00 (일/월 휴무)
꿀밤,서울특별시 용산구 이태원동 128-10,한식/주점,치즈김치전,4.4,1000+,20000원대,매일 17:00 ~ 03:00
나노하나,서울특별시 중구 을지로1가 192-11,일식/오마카세,스시 오마카세,4.7,200+,80000원 ~ 160000원,12:00-22:00 (일요일 휴무)
낙원테산도,서울특별시 종로구 익선동 166-32,일식/퓨전,타마고산도/ 카츠산도,4.3,2000+,10000원 ~ 15000원,매일 11:30 ~ 21:30
네기스키야키,서울특별시 강남구 신사동 540-19,일식/스키야키,스키야키 코스,4.6,500+,60000원대,매일 17:00 ~ 23:00
노란상소갈비,서울특별시 마포구 합정동 412-2,한식/육류,소갈비,4.5,1000+,20000원대,매일 12:00 ~ 22:00
다이닝마,서울특별시 강남구 신사동 646-16,중식/퓨전,마라샹궈,4.6,300+,30000원대,매일 11:30 ~ 22:00
단상,서울특별시 강남구 청담동 11-1,한식/주점,한식 다이닝,4.7,200+,30000원 ~ 70000원,18:00-24:00 (일요일 휴무)
대가,서울특별시 강남구 청담동 120-1,한식/육류,등심/ 양념갈비,4.4,500+,50000원 ~ 60000원,매일 11:30 ~ 22:00
대치동집,서울특별시 강남구 대치동 894-14,한식/육류,냉동삼겹살,4.3,1000+,14000원대,매일 11:30 ~ 23:00
더 리버,서울특별시 서초구 반포동 650,뷔페,뷔페,4.5,1000+,80000원 ~ 120000원,매일 12:00 ~ 21:00
더 키친 살바토레 쿠오모,서울특별시 강남구 신사동 646-2,양식/이탈리안,D.O.C 피자,4.4,1500+,25000원 ~ 30000원,매일 11:30 ~ 23:00
도꼭지,서울특별시 마포구 신수동 25-13,일식/생선구이,생선구이 정식,4.5,1000+,15000원 ~ 20000원,11:30-21:30 (일요일 휴무)
도동집,서울특별시 용산구 후암동 445-5,한식/국수,도동탕면,4.3,1000+,9000원대,매일 11:30 ~ 22:00
도산분식,서울특별시 강남구 신사동 652-16,한식/분식,떡볶이/ 돈까스샌드,4.1,2000+,8000원 ~ 15000원,매일 12:00 ~ 20:30
도연하다,서울특별시 마포구 연남동 241-81,한식/주점,퓨전 한식,4.6,300+,20000원 ~ 40000원,17:00-01:00 (월요일 휴무)
동화가든,서울특별시 종로구 관훈동 118-23,한식/두부,짬뽕순두부,4.2,1000+,10000원대,매일 08:30 ~ 20:30
두가헌,서울특별시 종로구 삼청동 1-1,양식/프렌치,코스 요리,4.5,300+,80000원 ~ 200000원,12:00-22:00 (일요일 휴무)
두레유,서울특별시 종로구 가회동 170-3,한식/사찰음식,코스 요리,4.6,200+,60000원 ~ 150000원,12:00-22:00 (월요일 휴무)
뚜또베네,서울특별시 강남구 청담동 118-9,양식/이탈리안,파스타/ 스테이크,4.5,500+,30000원 ~ 50000원,매일 12:00 ~ 22:00
라그릴리아,서울특별시 강남구 역삼동 826-21,양식/이탈리안,스테이크/ 파스타,4.4,2000+,30000원 ~ 50000원,매일 11:30 ~ 22:00
라미띠에,서울특별시 강남구 신사동 630-25,양식/프렌치,코스 요리,4.6,200+,120000원 ~ 250000원,12:00-22:00 (일요일 휴무)
라미네즈,서울특별시 용산구 한남동 68-1,베이커리/카페,크루아상,4.5,500+,4000원대,매일 10:00 ~ 21:00
로바타탄요,서울특별시 강남구 신사동 656-12,일식/로바다야키,야키토리/ 구이,4.6,300+,20000원 ~ 50000원,매일 18:00 ~ 02:00
류니끄,서울특별시 강남구 신사동 520-1,퓨전/파인다이닝,코스 요리,4.5,300+,100000원 ~ 200000원,12:00-22:00 (일요일 휴무)
리북집,서울특별시 강남구 논현동 164-3,한식/족발,족발/ 냉채족발,4.4,2000+,38000원 ~ 45000원,매일 11:30 ~ 03:00
리스토란테 에오,서울특별시 강남구 청담동 99-10,양식/이탈리안,코스 요리,4.6,200+,150000원 ~ 250000원,12:00-22:00 (일요일 휴무)
마루심,서울특별시 서초구 반포동 54-10,일식/장어,히츠마부시,4.4,2000+,36000원대,매일 11:00 ~ 22:00
마렘마,서울특별시 용산구 한남동 683-138,양식/이탈리안,트러플뇨끼,4.5,500+,28000원대,12:00-22:00 (월요일 휴무)
만가,서울특별시 용산구 한남동 737-33,일식/퓨전,한우 스키야키,4.5,300+,50000원대,매일 17:00 ~ 23:00
만석닭강정,서울특별시 송파구 잠실동 40-1,한식/닭강정,닭강정,4.3,2000+,18000원 ~ 20000원,매일 10:30 ~ 21:00
만선호프,서울특별시 중구 을지로3가 95-1,한식/주점,마늘치킨/ 노가리,4.2,3000+,1500원 ~ 18000원,매일 12:00 ~ 24:00
만재네,서울특별시 성동구 성수동2가 300-1,한식/주점,벌교꼬막/ 육전,4.5,500+,20000원 ~ 30000원,17:00-01:00 (일요일 휴무)
맛짱조개,서울특별시 성동구 왕십리 28-2,한식/해산물,조개찜/ 조개구이,4.4,1000+,40000원 ~ 60000원,매일 16:00 ~ 02:00
매드포갈릭,서울특별시 강남구 역삼동 826-14,양식/이탈리안,갈릭 스노잉 피자,4.3,2000+,25000원대,매일 11:30 ~ 22:00
먹쉬돈나,서울특별시 종로구 삼청동 122-1,한식/분식,즉석떡볶이,4,3000+,15000원 ~ 25000원,매일 11:00 ~ 20:30
멜팅샵,서울특별시 강남구 신사동 647-19,양식/퓨전,소프트쉘크랩 팝오버,4.2,1000+,30000원대,매일 11:00 ~ 23:00
모모코,서울특별시 종로구 명륜4가 60-1,일식/가정식,타누키동,4.4,500+,9000원대,매일 11:30 ~ 21:00
모모토리,서울특별시 마포구 연남동 241-90,일식/이자카야,모츠나베,4.5,300+,30000원대,17:00-02:00 (월요일 휴무)
모범갈빗살,서울특별시 강남구 역삼동 812-13,한식/육류,갈빗살,4.5,1000+,20000원대,24시간 영업
모터시티바이매니멀,서울특별시 강남구 역삼동 810-13,양식/피자,디트로이트 피자,4.5,1000+,25000원 ~ 30000원,매일 11:30 ~ 22:00
목란,서울특별시 서대문구 연희동 132-28,중식,멘보샤/ 동파육,3.9,2000+,35000원 ~ 60000원,11:30-21:00 (월요일 휴무)
몽중헌,서울특별시 강남구 대치동 892,중식/딤섬,딤섬 코스,4.4,1000+,50000원 ~ 100000원,매일 11:30 ~ 22:00
무월식탁,서울특별시 강남구 역삼동 812-17,한식/가정식,한방보쌈/ 간장새우,4.3,2000+,12000원 ~ 15000원,매일 11:30 ~ 22:00
무이,서울특별시 강남구 신사동 656-10,양식/이탈리안,파스타/ 스테이크,4.5,300+,30000원 ~ 50000원,매일 12:00 ~ 22:00
문오리,서울특별시 용산구 한남동 657-30,한식/주점,문어오리전골,4.4,500+,50000원대,매일 17:00 ~ 24:00
미나리식당,서울특별시 용산구 이태원동 130-10,한식/백반,연탄불고기 백반,4.3,1000+,9000원대,매일 11:30 ~ 21:00
미도림,서울특별시 중구 신당동 138-12,한식/주점,퓨전 한식,4.7,200+,20000원 ~ 40000원,18:00-01:00 (일요일 휴무)
미미면가,서울특별시 강남구 신사동 520-1,일식/소바,새우튀김 소바,4.3,1000+,15000원대,매일 11:30 ~ 21:00
미쉬매쉬,서울특별시 용산구 한남동 27-3,퓨전/다이닝,코스 요리,4.5,200+,80000원 ~ 150000원,12:00-22:00 (일요일 휴무)
미엘,서울특별시 강남구 청담동 94-3,브런치/카페,김치볶음밥/ 와플,4.2,500+,20000원대,매일 11:00 ~ 01:00
바게트K,서울특별시 강남구 역삼동 738-34,베이커리,바게트,4.6,300+,4000원대,11:00-19:00 (일/월 휴무)
바다식당,서울특별시 용산구 한남동 743-7,퓨전/찌개,존슨탕,4,1000+,12000원대 (1인),11:30-22:00 (일요일 휴무)
바베 양장,서울특별시 종로구 익선동 166-54,양식/경양식,돈까스/ 함박스테이크,4.3,500+,15000원 ~ 20000원,매일 12:00 ~ 22:00
바이킹스워프,서울특별시 송파구 신천동 29,뷔페,랍스터 뷔페,4.5,3000+,110달러,매일 12:00 ~ 21:30
반룡산,서울특별시 강남구 대치동 894-1,한식/냉면,함흥냉면/ 가릿국밥,4.3,1000+,13000원 ~ 15000원,매일 11:00 ~ 21:30
발우공양,서울특별시 종로구 견지동 71,한식/사찰음식,사찰음식 코스,4.5,300+,45000원 ~ 150000원,11:30-21:00 (일요일 휴무)
방콕익스프레스,서울특별시 서대문구 창천동 57-41,아시안/태국,팟타이,4.4,500+,9000원대,매일 11:00 ~ 21:00
배꼽집,서울특별시 영등포구 여의도동 45-15,한식/육류,평양냉면/ 안심,4.3,1000+,13000원 ~ 50000원,매일 11:00 ~ 22:00
백부장집,서울특별시 종로구 내수동 150,한식/닭요리,닭한마리,4.3,1000+,28000원대,매일 11:00 ~ 22:00
백제정육점,서울특별시 종로구 효제동 155,한식/육류,육회/ 차돌박이,4.4,1000+,18000원 ~ 30000원,매일 11:30 ~ 22:00
버거그루72,서울특별시 서초구 반포동 90-10,양식/버거,수제버거,4.4,500+,10000원 ~ 15000원,매일 11:30 ~ 21:30
버거플랜트,서울특별시 강남구 역삼동 820-11,양식/버거,수제버거,4.2,1000+,7000원 ~ 10000원,24시간 영업
번패티번,서울특별시 강남구 신사동 542-1,양식/버거,수제버거,4.3,1000+,10000원 ~ 15000원,매일 11:30 ~ 21:30
베무쵸칸티나,서울특별시 마포구 상수동 333-2,멕시칸,타코,4.5,500+,9000원 ~ 15000원,12:00-22:00 (월요일 휴무)
베이커스,서울특별시 용산구 한남동 737-37,베이커리,크루아상,4.5,500+,4000원대,매일 08:00 ~ 19:00
베키아에누보,서울특별시 중구 소공동 1,브런치/카페,파니니/ 샌드위치,4.3,1000+,18000원 ~ 25000원,매일 08:00 ~ 22:00
보버라운지,서울특별시 중구 회현동2가 10-1,양식/라운지,애프터눈티 세트,4.4,500+,60000원대,매일 11:30 ~ 23:00
보승회관,서울특별시 종로구 종로5가 112-1,한식/탕류,순대국/ 수육국밥,4.2,1000+,9000원대,24시간 영업
복덕방,서울특별시 마포구 망원동 414-13,한식/주점,막걸리/ 한식안주,4.5,500+,15000원 ~ 30000원,17:00-24:00 (일요일 휴무)
본앤브레드,서울특별시 성동구 마장동 517-11,한식/육류,한우 오마카세,4.8,300+,250000원대,예약제
본죽,서울특별시 종로구 동숭동 1-47,한식/죽,전복죽,4.3,500+,10000원 ~ 15000원,매일 09:00 ~ 21:00
봉산옥,서울특별시 서초구 서초동 1451-9,한식/만두,만두전골/ 오징어순대,4.3,500+,13000원 ~ 40000원,11:00-21:30 (일요일 휴무)
봉우화로,서울특별시 강남구 역삼동 818-18,한식/육류,우삼겹,4.2,1000+,15000원대,매일 11:30 ~ 23:00
부산아지매국밥,서울특별시 강남구 역삼동 818-8,한식/탕류,돼지국밥,4.2,1000+,9000원대,24시간 영업
부암동스코프,서울특별시 종로구 부암동 278-5,베이커리/카페,스콘,4.5,500+,4000원대,매일 10:00 ~ 19:30
부엌,서울특별시 마포구 연남동 228-26,한식/가정식,가정식 백반,4.6,200+,15000원대,12:00-21:00 (일/월 휴무)
북막골,서울특별시 종로구 삼청동 30-2,한식/퓨전,구석기갈비,4.3,1000+,25000원대,매일 11:00 ~ 21:00
북촌손만두,서울특별시 종로구 인사동 157,한식/만두,모듬만두/ 튀김만두,4.1,2000+,8000원 ~ 12000원,매일 11:00 ~ 21:00
분짜라붐,서울특별시 용산구 한남동 683-139,아시안/베트남,분짜/ 하노이 쌀국수,4.2,1000+,13000원 ~ 15000원,매일 11:00 ~ 22:00
브런치,서울특별시 강남구 신사동 534-1,양식/브런치,에그 베네딕트,4.4,500+,20000원대,매일 10:00 ~ 18:00
브루어스,서울특별시 마포구 상수동 93-45,양식/펍,수제맥주,4.5,300+,8000원대,17:00-01:00 (월요일 휴무)
브리오슈도레,서울특별시 서초구 반포동 19-3,베이커리/카페,크루아상,4.3,500+,4000원대,매일 08:00 ~ 22:00
비건,서울특별시 용산구 이태원동 119-8,채식/비건,비건 버거,4.5,300+,15000원대,매일 12:00 ~ 21:00
비스트로,서울특별시 서초구 서초동 1321-6,양식/비스트로,파스타/ 스테이크,4.4,500+,25000원 ~ 50000원,매일 11:30 ~ 22:00
비스트로욘트빌,서울특별시 강남구 청담동 83-20,양식/프렌치,어니언스프/ 에스카르고,4.6,300+,20000원 ~ 50000원,12:00-22:00 (일요일 휴무)
비야게레로,서울특별시 강남구 삼성동 118-18,멕시칸,타코,4.5,500+,5000원대,12:00-21:00 (월요일 휴무)
빅가이즈랍스터,서울특별시 송파구 신천동 29,양식/해산물,랍스터,4.3,1000+,30000원대,매일 10:30 ~ 22:00
빌라드샬롯,서울특별시 송파구 신천동 29,양식/이탈리안,파스타/ 피자,4.2,1000+,20000원 ~ 30000원,매일 10:30 ~ 22:00
빌즈,서울특별시 송파구 신천동 29,브런치/카페,리코타 핫케이크,4.2,2000+,20000원대,매일 08:00 ~ 22:00
뺑드빱바,서울특별시 강남구 신사동 564-3,베이커리,앙버터,4.4,500+,5000원대,매일 08:00 ~ 21:00
뽕족,서울특별시 송파구 잠실동 194-6,한식/족발,족발,4.4,1000+,35000원 ~ 45000원,매일 12:00 ~ 24:00
삐삣버거,서울특별시 용산구 한남동 683-134,양식/버거,삐삣버거,4.5,500+,8000원대,매일 11:30 ~ 21:30
사가라멘,서울특별시 마포구 서교동 396-12,일식/라멘,돈코츠라멘,4.4,500+,8000원대,매일 11:30 ~ 22:00
사리원,서울특별시 서초구 서초동 1330-18,한식/냉면,물냉면/ 불고기,4.2,1000+,13000원 ~ 40000원,매일 11:00 ~ 22:00
사모님돈까스,서울특별시 마포구 상수동 92-3,양식/돈까스,돈까스,4.3,1000+,9000원대,12:00-20:00 (일/월 휴무)
사이치킨,서울특별시 종로구 신문로2가 1-135,한식/치킨,마늘치킨,4.3,500+,18000원대,매일 16:00 ~ 02:00
산동교자관,서울특별시 중구 을지로2가 101-35,중식/만두,군만두/ 물만두,4.3,500+,8000원대,매일 11:00 ~ 21:00
산울림1992,서울특별시 마포구 서교동 327-9,한식/주점,전통주/ 한식안주,4.6,500+,20000원 ~ 40000원,17:00-01:00 (일요일 휴무)
삼곱식당,서울특별시 강남구 역삼동 812-1,한식/육류,삼겹살/ 곱창,4.4,1000+,15000원 ~ 20000원,매일 16:00 ~ 01:00
삼백집,서울특별시 종로구 관철동 12-23,한식/탕류,콩나물국밥,4.1,1000+,8000원대,24시간 영업
삼삼뚝배기,서울특별시 종로구 동숭동 1-76,한식/백반,된장찌개,4.3,500+,7000원대,매일 10:00 ~ 21:00
삼청동궁물떡볶이,서울특별시 종로구 삼청동 28-2,한식/분식,궁물떡볶이,4.2,500+,15000원대,매일 12:00 ~ 21:00
삿뽀로,서울특별시 서초구 서초동 1320-10,일식/코스요리,주말특선,4.4,1000+,40000원 ~ 100000원,매일 11:30 ~ 22:00
상미규카츠,서울특별시 종로구 명륜4가 17-1,일식/규카츠,규카츠 정식,4.4,500+,15000원대,매일 11:30 ~ 21:30
상해소흘,서울특별시 마포구 연남동 228-27,중식/만두,샤오롱바오,4.5,300+,8000원대,12:00-21:00 (월요일 휴무)
생어거스틴,서울특별시 강남구 신사동 516-11,아시안/태국,뿌 팟 봉커리,4.2,1000+,30000원대,매일 11:30 ~ 22:00
샤이바나,서울특별시 강남구 역삼동 812-3,양식/미국남부,씨푸드 잠발라야,4.3,1000+,15000원 ~ 20000원,매일 11:30 ~ 21:30
서관면옥,서울특별시 서초구 서초동 1675-4,한식/냉면,평양냉면,4.4,500+,14000원대,매일 11:00 ~ 21:30
서동한우,서울특별시 강남구 대치동 895-1,한식/육류,숙성 등심,4.5,500+,40000원대 (1인),매일 11:30 ~ 22:00
서백자,서울특별시 용산구 한남동 68-1,한식/주점,닭볶음탕,4.5,300+,30000원대,17:00-02:00 (일요일 휴무)
석파정,서울특별시 종로구 홍지동 125,한식/코스요리,한정식,4.4,500+,60000원 ~ 150000원,매일 12:00 ~ 21:00
섬,서울특별시 마포구 합정동 410-15,한식/주점,해물파전,4.5,300+,20000원대,17:00-02:00 (일요일 휴무)
성북동빵공장,서울특별시 성북구 성북동 330-149,베이커리/카페,빵,4.3,1000+,5000원 ~ 10000원,매일 10:00 ~ 22:00
섹션에이,서울특별시 강남구 청담동 88-25,양식/라운지바,칵테일/ 파스타,4.5,200+,20000원 ~ 40000원,18:00-03:00 (일요일 휴무)
소년식당,서울특별시 마포구 서교동 333-11,일식/가정식,간장새우밥,4.4,500+,12000원대,매일 12:00 ~ 21:00
소바식당,서울특별시 마포구 망원동 395-3,일식/소바,냉소바,4.4,500+,9000원대,12:00-21:00 (월요일 휴무)
소설한남,서울특별시 용산구 한남동 26-6,한식/파인다이닝,코스 요리,4.7,200+,100000원 ~ 200000원,12:00-22:00 (일요일 휴무)
소수,서울특별시 용산구 한남동 74-27,한식/육류,한우 오마카세,4.8,200+,200000원대,예약제
소스,서울특별시 성동구 성수동1가 685-424,양식/비스트로,파스타,4.5,300+,20000원대,12:00-22:00 (월요일 휴무)
소이연남,서울특별시 마포구 연남동 229-20,아시안/태국,소고기국수,4.3,3000+,10000원대,매일 11:30 ~ 21:00
소점,서울특별시 마포구 연남동 390-8,일식/오마카세,스시 오마카세,4.7,100+,60000원 ~ 120000원,예약제
솔솥,서울특별시 송파구 송파동 50-5,한식/솥밥,솥밥,4.5,1000+,15000원대,매일 11:30 ~ 21:00
송쉐프,서울특별시 강남구 신사동 608-11,중식,탕수육/ 짜장면,4.3,1000+,10000원 ~ 30000원,매일 11:30 ~ 22:00
수와,서울특별시 마포구 상수동 320-1,양식/이탈리안,파스타,4.5,300+,20000원대,12:00-22:00 (월요일 휴무)
수퍼,서울특별시 강남구 신사동 533-14,양식/피자,조각피자,4.4,500+,6000원대,매일 11:30 ~ 22:00
순대실록,서울특별시 종로구 동숭동 1-41,한식/순대,순대스테이크,4.2,1000+,15000원대,24시간 영업
순희네빈대떡,서울특별시 종로구 종로5가 138-9,한식/전,빈대떡/ 고기완자,4.2,3000+,5000원 ~ 10000원,매일 08:00 ~ 24:00
쉐이크쉑,서울특별시 강남구 역삼동 820-1,양식/버거,쉑버거/ 쉑스택,4.3,5000+,8000원 ~ 13000원,매일 11:00 ~ 23:00
스시려,서울특별시 강남구 대치동 895-1,일식/초밥,오마카세,4.6,300+,70000원 ~ 140000원,12:00-22:00 (일요일 휴무)
스시산,서울특별시 강남구 신사동 627-13,일식/초밥,오마카세,4.7,200+,100000원 ~ 200000원,예약제
스시생,서울특별시 서초구 서초동 1328-11,일식/초밥,오마카세,4.6,200+,60000원 ~ 120000원,12:00-22:00 (일요일 휴무)
스시쇼우,서울특별시 마포구 합정동 391-18,일식/초밥,오마카세,4.7,200+,50000원 ~ 100000원,예약제
스시유,서울특별시 강남구 청담동 97-1,일식/초밥,오마카세,4.5,300+,100000원 ~ 200000원,매일 12:00 ~ 22:00
스시인,서울특별시 강남구 신사동 645-29,일식/초밥,오마카세,4.9,200+,300000원대,예약제
스시조,서울특별시 중구 소공동 87,일식/초밥,오마카세,4.6,500+,200000원 ~ 300000원,매일 12:00 ~ 21:30
스시코마,서울특별시 강남구 신사동 624-19,일식/초밥,오마카세,4.8,100+,80000원 ~ 160000원,예약제
스시타츠,서울특별시 강남구 신사동 631-31,일식/초밥,오마카세,4.6,200+,100000원 ~ 200000원,예약제
스시효,서울특별시 강남구 청담동 21-16,일식/초밥,오마카세,4.5,300+,100000원 ~ 200000원,12:00-22:00 (일요일 휴무)
스톤힐,서울특별시 종로구 평창동 114-3,양식/이탈리안,코스 요리,4.5,300+,80000원 ~ 150000원,12:00-22:00 (월요일 휴무)
스페인클럽,서울특별시 강남구 신사동 524-29,양식/스페인,감바스/ 빠에야,4.2,1000+,18000원 ~ 40000원,매일 12:00 ~ 23:00
슬로우치즈,서울특별시 성동구 성수동1가 685-424,양식/치즈,치즈 플래터,4.6,200+,20000원대,12:00-22:00 (월요일 휴무)
시골밥상,서울특별시 용산구 이태원동 123-14,한식/백반,시골밥상,4.2,500+,9000원대,24시간 영업
시추안하우스,서울특별시 강남구 역삼동 826-26,중식/사천요리,라즈지/ 마파두부,4.3,1000+,20000원 ~ 40000원,매일 11:30 ~ 22:00
식객,서울특별시 종로구 관철동 16-6,한식/주점,육회/ 육사시미,4.3,500+,30000원대,매일 16:00 ~ 02:00
신군,서울특별시 강남구 역삼동 812-19,일식/라멘,돈코츠라멘,4.3,500+,8000원대,24시간 영업
신라스테이,서울특별시 강남구 역삼동 642-9,뷔페,뷔페,4.4,1000+,50000원 ~ 80000원,매일 06:30 ~ 22:00
신복관,서울특별시 마포구 서교동 396-4,한식/쭈꾸미,쭈꾸미 볶음,4.4,1000+,13000원대 (1인),매일 11:30 ~ 22:00
신의주찹쌀순대,서울특별시 강남구 역삼동 828-50,한식/순대,순대국,4.2,1000+,9000원대,24시간 영업
신정,서울특별시 강남구 신사동 628-11,한식/곱창,곱창전골,4.3,500+,30000원대 (1인),매일 11:30 ~ 22:00
신촌황소곱창,서울특별시 서대문구 창천동 52-132,한식/곱창,곱창구이,4.2,2000+,20000원대 (1인),매일 15:00 ~ 02:00
심양,서울특별시 강남구 신사동 515,한식/양꼬치,양꼬치,4.3,1000+,14000원대 (1인),매일 17:00 ~ 03:00
심퍼티쿠시,서울특별시 용산구 한남동 68-1,양식/와인바,와인/ 치즈플래터,4.6,300+,30000원 ~ 50000원,18:00-01:00 (일요일 휴무)
십원집,서울특별시 종로구 관철동 16-1,한식/육류,연탄초벌삼겹살,4.2,1000+,12000원대,매일 11:30 ~ 24:00
아그라,서울특별시 송파구 신천동 29,아시안/인도,커리/ 난,4.4,1000+,20000원 ~ 30000원,매일 10:30 ~ 22:00
아도,서울특별시 강남구 신사동 647-24,일식/오마카세,스시 오마카세,4.8,100+,100000원 ~ 200000원,예약제
아리아,서울특별시 중구 소공동 87,뷔페,뷔페,4.6,1000+,150000원대,매일 12:00 ~ 21:30
아비꼬,서울특별시 종로구 동숭동 1-89,일식/카레,카레라이스,4.2,1000+,9000원 ~ 12000원,매일 11:00 ~ 22:00
아오리라멘,서울특별시 강남구 역삼동 617-5,일식/라멘,돈코츠라멘,4,2000+,10000원대,24시간 영업
아이엠어버거,서울특별시 마포구 서교동 342-12,양식/버거,수제버거,4.3,1000+,10000원 ~ 15000원,매일 11:30 ~ 21:30
아이해브어드림,서울특별시 강남구 역삼동 818-12,양식/이탈리안,파스타,4.3,500+,20000원대,매일 11:30 ~ 24:00
악바리,서울특별시 강남구 역삼동 812-18,한식/주점,석쇠불고기/ 닭도리탕,4.3,1000+,20000원 ~ 30000원,매일 16:00 ~ 05:00
안,서울특별시 강남구 신사동 646-17,일식/갓포요리,갓포요리,4.6,200+,100000원 ~ 200000원,18:00-01:00 (일요일 휴무)
안씨막걸리,서울특별시 용산구 이태원동 658,한식/주점,막걸리/ 한식안주,4.6,300+,20000원 ~ 40000원,18:00-01:00 (일요일 휴무)
알라프리마,서울특별시 강남구 논현동 8-6,양식/파인다이닝,코스 요리,4.7,200+,150000원 ~ 250000원,12:00-22:00 (일요일 휴무)
알리고떼,서울특별시 서초구 서초동 1542-11,양식/와인바,와인/ 치즈플래터,4.5,300+,30000원 ~ 50000원,18:00-02:00 (일요일 휴무)
양마니,서울특별시 강남구 청담동 96-6,한식/구이,양/ 대창,4.3,500+,35000원대,매일 11:30 ~ 01:00
양미옥,서울특별시 중구 을지로3가 161,한식/구이,양/ 대창,4.2,1000+,35000원대,매일 11:00 ~ 22:00
양파이,서울특별시 마포구 서교동 358-37,한식/양꼬치,양꼬치/ 양갈비,4.4,500+,15000원 ~ 30000원,매일 17:00 ~ 01:00
어나더하운드,서울특별시 강남구 신사동 647-19,양식/라운지,칵테일/ 파스타,4.4,500+,20000원 ~ 40000원,매일 11:00 ~ 02:00
어반가든,서울특별시 중구 정동 28-1,양식/가든다이닝,스테이크/ 파스타,4.4,500+,30000원 ~ 50000원,매일 11:30 ~ 22:00
어보,서울특별시 강남구 신사동 655-4,일식/해산물,해산물 모듬,4.6,200+,50000원 ~ 100000원,18:00-01:00 (일요일 휴무)
어부의딸,서울특별시 마포구 연남동 228-48,한식/해산물,숙성회,4.5,300+,40000원 ~ 60000원,17:00-01:00 (일요일 휴무)
언더야드,서울특별시 강남구 신사동 648-26,브런치/카페,아보카도 토스트,4.5,500+,15000원대,매일 10:00 ~ 19:00
에머이,서울특별시 종로구 관철동 12-14,아시안/베트남,쌀국수/ 분짜,4,2000+,10000원 ~ 13000원,24시간 영업
에빗,서울특별시 강남구 역삼동 606-19,퓨전/파인다이닝,코스 요리,4.8,100+,100000원 ~ 200000원,18:00-22:00 (일/월 휴무)
에스테번,서울특별시 강남구 청담동 90-25,양식/다이닝,코스 요리,4.6,300+,80000원 ~ 150000원,12:00-22:00 (일요일 휴무)
에일당,서울특별시 종로구 익선동 166-73,양식/펍,수제맥주,4.4,500+,8000원대,매일 12:00 ~ 24:00
엑스,서울특별시 강남구 청담동 90-25,양식/라운지바,칵테일,4.5,200+,25000원대,19:00-04:00 (일요일 휴무)
엘칸티나,서울특별시 마포구 서교동 360-15,멕시칸,파히타,4.3,500+,30000원대,매일 12:00 ~ 23:00
여로집,서울특별시 영등포구 영등포동3가 19-3,한식/매운오징어,오징어볶음,4.3,1000+,12000원대 (1인),매일 11:30 ~ 22:30
역전회관,서울특별시 마포구 염리동 173-21,한식/육류,바싹불고기,4.2,1000+,15000원대 (1인),매일 11:00 ~ 21:30
연남부르스리,서울특별시 마포구 연남동 241-79,양식/비스트로,스테이크,4.6,300+,30000원 ~ 50000원,17:00-24:00 (월요일 휴무)
연남슈퍼,서울특별시 마포구 연남동 227-1,한식/주점,먹태/ 짝태,4.4,500+,15000원대,매일 18:00 ~ 03:00
열봉찜닭,서울특별시 강남구 신사동 537-1,한식/찜닭,찜닭,4.2,1000+,25000원 ~ 35000원,매일 11:00 ~ 23:00
영동설렁탕,서울특별시 서초구 잠원동 10-53,한식/탕류,설렁탕,4.2,1000+,13000원대,24시간 영업
영양센타,서울특별시 중구 명동2가 52-13,한식/삼계탕,전기구이통닭,4.1,1000+,18000원대,매일 10:30 ~ 22:30
오감,서울특별시 마포구 합정동 388-16,한식/주점,육회,4.5,300+,30000원대,17:00-02:00 (일요일 휴무)
오뎅,서울특별시 강남구 신사동 657-22,일식/오뎅바,오뎅,4.4,500+,20000원 ~ 40000원,매일 18:00 ~ 02:00
오레노,서울특별시 강남구 역삼동 817-19,양식/이탈리안,티본스테이크,4.3,1000+,40000원대,매일 11:30 ~ 23:00
오목집,서울특별시 영등포구 여의도동 44-5,한식/족발,족발,4.4,1000+,40000원 ~ 50000원,매일 11:00 ~ 23:00
오스테리아 꼬또,서울특별시 종로구 서린동 136,양식/이탈리안,파스타/ 피자,4.4,500+,25000원 ~ 40000원,매일 11:30 ~ 22:00
오통영,서울특별시 강남구 신사동 565-17,한식/해산물,전복솥밥,4.4,500+,20000원대,매일 11:30 ~ 22:00
오향족발,서울특별시 중구 서소문동 102,한식/족발,오향족발,4.4,6000+,38000원 ~ 55000원,평일 11:30-22:00/ 주말 12:00-22:00
온더보더,서울특별시 송파구 신천동 29,멕시칸,화이타/ 퀘사디아,4.3,2000+,30000원 ~ 50000원,매일 11:30 ~ 22:00
올댓재즈,서울특별시 용산구 이태원동 112-4,바/재즈클럽,칵테일,4.5,1000+,15000원대 (칵테일),매일 18:00 ~ 01:00
올리아,서울특별시 강남구 역삼동 679-5,양식/이탈리안,파스타,4.4,500+,20000원대,매일 11:30 ~ 22:00
올리브,서울특별시 종로구 내수동 72,양식/이탈리안,파스타,4.3,500+,20000원대,매일 11:30 ~ 22:00
와라쿠,서울특별시 마포구 상수동 316-1,일식/이자카야,오코노미야키,4.3,500+,15000원대,매일 17:00 ~ 02:00
와인북카페,서울특별시 종로구 가회동 1-29,와인바/카페,와인,4.5,300+,30000원 ~ 50000원,12:00-24:00 (월요일 휴무)
완차이,서울특별시 서대문구 창천동 52-97,중식,홍콩식 탕수육,4.3,500+,20000원대,매일 11:30 ~ 21:30
왕가,서울특별시 강남구 논현동 166-4,한식/육류,돼지갈비,4.3,1000+,16000원대,24시간 영업
왕스덕,서울특별시 강남구 역삼동 823-16,중식/북경오리,북경오리,4.4,500+,70000원대,매일 11:30 ~ 22:00
외고집설렁탕,서울특별시 강남구 대치동 891-45,한식/탕류,설렁탕,4.2,1000+,12000원대,24시간 영업
외할머니찜,서울특별시 동대문구 제기동 137-259,한식/찜요리,해물찜,4.3,500+,40000원 ~ 60000원,매일 11:00 ~ 22:00
요루,서울특별시 마포구 연남동 228-36,일식/이자카야,사시미,4.6,300+,40000원대,18:00-02:00 (일요일 휴무)
용두동쭈꾸미,서울특별시 동대문구 용두동 119-20,한식/쭈꾸미,쭈꾸미 볶음,4.2,1000+,13000원대 (1인),매일 11:00 ~ 22:00
용문갈비,서울특별시 용산구 용문동 28-5,한식/육류,돼지갈비,4.4,500+,15000원대,매일 11:30 ~ 22:00
용수산,서울특별시 종로구 삼청동 120-1,한식/코스요리,한정식,4.3,500+,50000원 ~ 100000원,매일 12:00 ~ 22:00
우에노,서울특별시 용산구 이촌동 301-152,일식/가이세키,가이세키 요리,4.5,200+,100000원 ~ 200000원,예약제
우리바다,서울특별시 강남구 역삼동 827-22,일식/회,숙성회,4.6,300+,50000원대,17:00-24:00 (일요일 휴무)
우블리에,서울특별시 용산구 한남동 68-1,양식/프렌치,프랑스 가정식,4.6,200+,30000원 ~ 50000원,12:00-22:00 (월요일 휴무)
우에스토,서울특별시 강남구 신사동 647-24,일식/야키토리,야키토리 오마카세,4.8,100+,80000원대,예약제
칠칠켄터키,서울특별시 광진구 화양동 9-42,한식/치킨,후라이드치킨,4.3,500+,18000원대,매일 15:00 ~ 03:00
카니발피자,서울특별시 종로구 명륜2가 21-15,양식/피자,반반피자,4.2,1000+,20000원 ~ 30000원,매일 11:30 ~ 22:00
카레,서울특별시 마포구 서교동 396-4,일식/카레,카레라이스,4.4,500+,9000원 ~ 12000원,매일 11:30 ~ 21:00
카페마마스,서울특별시 중구 서소문동 41-1,브런치/카페,리코타치즈샐러드,4.4,3000+,15000원대,평일 08:00 ~ 22:00
칸다소바,서울특별시 종로구 명륜4가 55-1,일식/라멘,마제소바,4.5,1000+,10000원대,매일 11:30 ~ 21:30
칼리가리박사의밀실,서울특별시 마포구 상수동 317-10,양식/펍,수제맥주/ 피자,4.3,500+,20000원대,매일 17:00 ~ 02:00
코너스테이크,서울특별시 중구 충무로4가 59-3,양식/스테이크,함박스테이크,4.4,1000+,12000원 ~ 18000원,매일 11:30 ~ 21:00
코부시,서울특별시 마포구 연남동 228-36,일식/라멘,돈코츠라멘,4.5,300+,9000원대,12:00-21:00 (월요일 휴무)
코코이찌방야,서울특별시 강남구 역삼동 825-24,일식/카레,카레라이스,4.2,1000+,10000원 ~ 15000원,매일 11:00 ~ 22:00
쿠이신보,서울특별시 마포구 서교동 396-29,일식/이자카야,야키토리/ 꼬치구이,4.4,500+,20000원 ~ 40000원,매일 18:00 ~ 02:00
쿤쏨차이,서울특별시 용산구 이태원동 673,아시안/태국,쏨땀/ 팟타이,4.5,300+,15000원 ~ 25000원,12:00-22:00 (월요일 휴무)
퀴즈노스,서울특별시 종로구 서린동 149,샌드위치/샐러드,샌드위치,4.3,500+,7000원 ~ 10000원,평일 07:30 ~ 22:00
크래프트한스,서울특별시 강남구 역삼동 817-25,양식/펍,수제맥주/ 샘플러,4.3,1000+,15000원 ~ 25000원,매일 17:00 ~ 02:00
클랩피자,서울특별시 강남구 신사동 648-23,양식/피자,피자,4.5,500+,25000원 ~ 35000원,매일 11:30 ~ 21:30
키친랩,서울특별시 종로구 명륜4가 60-2,양식/이탈리안,키조개리조또/ 감바스,4.3,1000+,15000원 ~ 25000원,매일 11:00 ~ 22:00
타따블,서울특별시 마포구 연남동 241-119,양식/프렌치,프랑스 가정식,4.6,200+,20000원 ~ 40000원,12:00-22:00 (월요일 휴무)
타르틴,서울특별시 용산구 한남동 739-1,베이커리/카페,파이/ 타르트,4.4,1000+,8000원대,매일 10:00 ~ 22:00
타마린드,서울특별시 종로구 관훈동 146,아시안/베트남,쌀국수/ 분짜,4.2,500+,12000원 ~ 18000원,매일 11:00 ~ 22:00
타지,서울특별시 중구 명동1가 7-3,아시안/인도,커리/ 탄두리치킨,4.3,1000+,20000원 ~ 30000원,매일 11:00 ~ 22:00
타코칠리칠리,서울특별시 용산구 이태원동 118-13,멕시칸,타코/ 브리또,4.3,1000+,8000원 ~ 15000원,매일 11:30 ~ 22:00
탐광,서울특별시 송파구 송파동 58-10,일식/덮밥,에비텐동/ 카츠동,4.5,500+,10000원 ~ 15000원,매일 11:30 ~ 21:00
탑클라우드,서울특별시 종로구 종로2가 1,양식/뷔페,뷔페,4.4,1000+,80000원 ~ 120000원,매일 12:00 ~ 22:00
테라스룸,서울특별시 강남구 청담동 90-19,양식/브런치,브런치/ 파스타,4.5,500+,25000원 ~ 40000원,매일 11:00 ~ 24:00
테이스티버거,서울특별시 마포구 상수동 317-7,양식/버거,수제버거,4.3,1000+,9000원 ~ 13000원,매일 11:30 ~ 21:30
토끼정,서울특별시 강남구 역삼동 812-5,일식/가정식,크림카레우동,4.1,3000+,13000원 ~ 18000원,매일 11:30 ~ 22:00
토마틸로,서울특별시 강남구 역삼동 826-28,멕시칸,타코/ 퀘사디아,4.2,1000+,10000원 ~ 20000원,매일 11:00 ~ 23:00
통돼지두루치기,서울특별시 종로구 서린동 125,한식/김치찌개,두루치기,4.3,500+,9000원대 (1인),평일 10:00 ~ 22:00
파넬,서울특별시 용산구 한남동 744-5,브런치/카페,프렌치토스트,4.5,500+,20000원대,매일 10:00 ~ 19:00
파스타,서울특별시 강남구 신사동 646-21,양식/이탈리안,파스타,4.2,1000+,20000원 ~ 30000원,매일 12:00 ~ 22:00
파이브가이즈,서울특별시 강남구 역삼동 825-25,양식/버거,버거/ 프라이즈,4.5,3000+,13000원 ~ 20000원,매일 11:00 ~ 22:00
팔당족발,서울특별시 마포구 합정동 410-18,한식/족발,족발,4.4,1000+,35000원 ~ 45000원,매일 16:00 ~ 02:00
펄쉘,서울특별시 강남구 신사동 656-20,양식/오이스터바,오이스터 플래터,4.6,300+,40000원 ~ 80000원,18:00-01:00 (일요일 휴무)
페더,서울특별시 마포구 연남동 228-7,양식/비스트로,스테이크,4.7,200+,30000원 ~ 50000원,17:00-24:00 (월요일 휴무)
포담,서울특별시 서대문구 대현동 37-14,중식/딤섬,샤오롱바오,4.4,500+,7000원대,매일 11:30 ~ 21:00
포브라더스,서울특별시 강남구 역삼동 817-19,아시안/베트남,쌀국수,4.2,1000+,10000원대,24시간 영업
푸에르코,서울특별시 강남구 신사동 642-16,한식/육류,이베리코 흑돼지,4.6,500+,20000원대,매일 17:00 ~ 23:00
풍년쌀농산,서울특별시 종로구 안국동 17-18,한식/분식,떡꼬치/ 떡볶이,4.3,1000+,1000원 ~ 4000원,매일 12:00 ~ 20:00
풍월,서울특별시 마포구 서교동 346-24,일식/오코노미야키,오코노미야키/ 야키소바,4.3,1000+,15000원대,매일 11:30 ~ 22:00
프렙,서울특별시 강남구 신사동 521-21,샐러드/샌드위치,샐러드,4.5,500+,12000원 ~ 18000원,매일 10:00 ~ 21:00
플라잉볼익스프레스,서울특별시 종로구 삼청동 120-1,양식/버거,시그니처번,4.2,1000+,8000원대,매일 11:00 ~ 21:00
피자리움,서울특별시 용산구 이태원동 529,양식/피자,조각피자,4.4,1000+,6000원대,매일 11:30 ~ 22:00
피자컴퍼니,서울특별시 관악구 봉천동 1666-55,양식/피자,피자,4.6,1000+,20000원 ~ 30000원,매일 11:00 ~ 02:00
필살기,서울특별시 마포구 서교동 395-171,일식/퓨전,대창덮밥,4.5,500+,12000원대,매일 11:30 ~ 21:00
하남돼지집,서울특별시 강남구 역삼동 812-2,한식/육류,삼겹살/ 목살,4.4,2000+,17000원대,매일 17:00 ~ 24:00
한일관,서울특별시 강남구 신사동 619-4,한식/코스요리,갈비탕/ 불고기,4.3,1000+,20000원 ~ 50000원,매일 11:30 ~ 21:30